"first_author","title","main_topic","to_search"
"Inka Regine Weingaertner","Chronic Morphine Treatment Attenuates Cell Growth of Human BT474 Breast Cancer Cells by Rearrangement of the ErbB Signalling Network","medicine","Inka Regine Weingaertner medicine"
"Jessica M. Esparza","Katanin Localization Requires Triplet Microtubules in Chlamydomonas reinhardtii","biochemistry","Jessica M. Esparza biochemistry"
"Sreedevi Avasarala","Curcumin Modulates the Inflammatory Response and Inhibits Subsequent Fibrosis in a Mouse Model of Viral- induced Acute Respiratory Distress Syndrome","biology","Sreedevi Avasarala biology"
"Rounak Nassirpour","miR-221 Promotes Tumorigenesis in Human Triple Negative Breast Cancer Cells","medicine","Rounak Nassirpour medicine"
"Jianuo Liu","HIV-1 Tat Protein Increases Microglial Outward K+ Current and Resultant Neurotoxic Activity","biology","Jianuo Liu biology"
"Yang Wang","Elevated Maspin Expression Is Associated with Better Overall Survival in Esophageal Squamous Cell Carcinoma (ESCC)","medicine","Yang Wang medicine"
"Elizabeth Ngoc Hoa Tran","LPS Unmasking of Shigella flexneri Reveals Preferential Localisation of Tagged Outer Membrane Protease IcsP to Septa and New Poles","biology","Elizabeth Ngoc Hoa Tran biology"
"Fabio Sallustio","miR-1915 and miR-1225-5p Regulate the Expression of CD133, PAX2 and TLR2 in Adult Renal Progenitor Cells","medicine","Fabio Sallustio medicine"
"Jia Ma","Mitochondrial Dysfunction Promotes Breast Cancer Cell Migration and Invasion through HIF1a Accumulation via Increased Production of Reactive Oxygen Species","biology","Jia Ma biology"
"Yael Friedman-Levi","PrPST, a Soluble, Protease Resistant and Truncated PrP Form Features in the Pathogenesis of a Genetic Prion Disease","biology","Yael Friedman-Levi biology"
"Yan Zhang","Baicalein Selectively Induces Apoptosis in Activated Lymphocytes and Ameliorates Concanavalin A-Induced Hepatitis in Mice","immunology","Yan Zhang immunology"
"Zhongpu Chen","Epigenetic Regulation of Cardiac Progenitor Cells Marker c-kit by Stromal Cell Derived Factor-1a","biology","Zhongpu Chen biology"
"Akrem Abdulsid","Heat Shock Protein 27 Is Spatially Distributed in the Human Placenta and Decreased during Labor","biology","Akrem Abdulsid biology"
"Fang Liu","DUSP1 Is a Novel Target for Enhancing Pancreatic Cancer Cell Sensitivity to Gemcitabine","immunology","Fang Liu immunology"
"Jagannath Misra","Orphan Nuclear Receptor Errc Induces C-Reactive Protein Gene Expression through Induction of ER-Bound Bzip Transmembrane Transcription Factor CREBH","biology","Jagannath Misra biology"
"Trent Fowler","Regulation of MYC Expression and Differential JQ1 Sensitivity in Cancer Cells","biology","Trent Fowler biology"
"Mojca Jez","Expression and Differentiation between OCT4A and Its Pseudogenes in Human ESCs and Differentiated Adult Somatic Cells","biology","Mojca Jez biology"
"Zhenni Zhang","Baicalein Reduces the Invasion of Glioma Cells via Reducing the Activity of p38 Signaling Pathway","biology","Zhenni Zhang biology"
"Christophe Broca","Proteasome Dysfunction Mediates High Glucose-Induced Apoptosis in Rodent Beta Cells and Human Islets","biology","Christophe Broca biology"
"Sylwia Flis","DNA Methyltransferase Inhibitors Improve the Effect of Chemotherapeutic Agents in SW48 and HT-29 Colorectal Cancer Cells","biology","Sylwia Flis biology"
"Takaharu Nakayoshi","FOXO4-Knockdown Suppresses Oxidative Stress-Induced Apoptosis of Early Pro-Angiogenic Cells and Augments Their Neovascularization Capacities in Ischemic Limbs","medicine","Takaharu Nakayoshi medicine"
"Yuri Churin","Pathological Impact of Hepatitis B Virus Surface Proteins on the Liver Is Associated with the Host Genetic Background","medicine","Yuri Churin medicine"
"Chuan Li","Ectopic Expression of a Maize Hybrid Down-Regulated Gene ZmARF25 Decreases Organ Size by Affecting Cellular Proliferation in Arabidopsis","biology","Chuan Li biology"
"Gail Doughton","Formation of a Polarised Primitive Endoderm Layer in Embryoid Bodies Requires Fgfr/ Erk Signalling","biology","Gail Doughton biology"
"Liliana O. Rocha","Multi-Method Approach for Characterizing the Interaction between Fusarium verticillioides and Bacillus thuringiensis Subsp. Kurstaki","biology","Liliana O. Rocha biology"
"Prabuddha Dey","Functional Characterization of Two Structurally Novel Diacylglycerol Acyltransferase2 Isozymes Responsible for the Enhanced Production of Stearate-Rich Storage Lipid in Candida tropicalis SY005","biochemistry","Prabuddha Dey biochemistry"
"Xiaomei Ge","Stac3 Inhibits Myoblast Differentiation into Myotubes","biology","Xiaomei Ge biology"
"Xudong Shi","TGF-b/Smad3 Stimulates Stem Cell/Developmental Gene Expression and Vascular Smooth Muscle Cell De-Differentiation","biology","Xudong Shi biology"
"Yushen Jiang","Cell Atavistic Transition: Paired Box 2 Re-Expression Occurs in Mature Tubular Epithelial Cells during Acute Kidney Injury and Is Regulated by Angiotensin II","biology","Yushen Jiang biology"
"Ambrish Kumar","Sparstolonin B, a Novel Plant Derived Compound, Arrests Cell Cycle and Induces Apoptosis in N-Myc Amplified and N-Myc Nonamplified Neuroblastoma Cells","biology","Ambrish Kumar biology"
"Bo Gao","Dose-Dependent Effect of Estrogen Suppresses the Osteo-Adipogenic Transdifferentiation of Osteoblasts via Canonical Wnt Signaling Pathway","medicine","Bo Gao medicine"
"Yang Liu","Carbon Ion Radiation Inhibits Glioma and Endothelial Cell Migration Induced by Secreted VEGF","biology","Yang Liu biology"
"Manasa K. Nayak","Aspirin Delimits Platelet Life Span by Proteasomal Inhibition","medicine","Manasa K. Nayak medicine"
"Wasia Rizwani","S137 Phosphorylation of Profilin 1 Is an Important Signaling Event in Breast Cancer Progression","cancer research","Wasia Rizwani cancer research"
"Shiuan Wang","The Retromer Complex Is Required for Rhodopsin Recycling and Its Loss Leads to Photoreceptor Degeneration","biology","Shiuan Wang biology"
"Apiruck Watthanasurorot","Astakine 2—the Dark Knight Linking Melatonin to Circadian Regulation in Crustaceans","biology","Apiruck Watthanasurorot biology"
"Dawn E. Watkins-Chow","Mutation of the Diamond-Blackfan Anemia Gene Rps7 in Mouse Results in Morphological and Neuroanatomical Phenotypes","biology","Dawn E. Watkins-Chow biology"
"Erica P. Homan","Differential Effects of Collagen Prolyl 3-Hydroxylation on Skeletal Tissues","biology","Erica P. Homan biology"
"Natalia Lopez-del Hoyo","Functional EF-Hands in Neuronal Calcium Sensor GCAP2 Determine Its Phosphorylation State and Subcellular Distribution In Vivo and Are Essential for Photoreceptor Cell Integrity","cell biology","Natalia Lopez-del Hoyo cell biology"
"Cathleen D. Valentine","X-Box Binding Protein 1 (XBP1s) Is a Critical Determinant of Pseudomonas aeruginosa Homoserine Lactone-Mediated Apoptosis","biology","Cathleen D. Valentine biology"
"Shipan Dai","Fine Tuning Inflammation at the Front Door: Macrophage Complement Receptor 3-mediates Phagocytosis and Immune Suppression for Francisella tularensis","biology","Shipan Dai biology"
"Vicente Ramírez","An Extracellular Subtilase Switch for Immune Priming in Arabidopsis","character(0)","Vicente Ramírez character(0)"
"Haitao Wei","Suppression of Interferon Lambda Signaling by SOCS-1 Results in Their Excessive Production during Influenza Virus Infection","cancer research","Haitao Wei cancer research"
"Meleri Jones","RNA-seq Analysis of Host and Viral Gene Expression Highlights Interaction between Varicella Zoster Virus and Keratinocyte Differentiation","virology","Meleri Jones virology"
"Miti Jearaphunt","Caspase-1-Like Regulation of the proPO-System and Role of ppA and Caspase-1-Like Cleaved Peptides from proPO in Innate Immunity","biochemistry","Miti Jearaphunt biochemistry"
"Niyas Kudukkil Pulloor","Human Genome-Wide RNAi Screen Identifies an Essential Role for Inositol Pyrophosphates in Type-I Interferon Response","biology","Niyas Kudukkil Pulloor biology"
"Verity G. Kew","Mitogen and Stress Activated Kinases Act Co-operatively with CREB during the Induction of Human Cytomegalovirus Immediate-Early Gene Expression from Latency","biology","Verity G. Kew biology"
"Michelle Khai Khun Yap","Pharmacokinetics of Naja sumatrana (Equatorial Spitting Cobra) Venom and Its Major Toxins in Experimentally Envenomed Rabbits","biology","Michelle Khai Khun Yap biology"
"Jianming Chen","Epsilon-Toxin Production by Clostridium perfringens Type D Strain CN3718 Is Dependent upon the agr Operon but Not the VirS/VirR Two-Component Regulatory System","biology","Jianming Chen biology"
"Doblin Sandai","The Evolutionary Rewiring of Ubiquitination Targets Has Reprogrammed the Regulation of Carbon Assimilation in the Pathogenic Yeast Candida albicans","biology","Doblin Sandai biology"
"Anusha M. Gopalakrishnan","Opposing Roles for Two Molecular Forms of Replication Protein A in Rad51-Rad54-Mediated DNA Recombination in Plasmodium falciparum","biology","Anusha M. Gopalakrishnan biology"
"Christopher W. Cutler","Hemin-Induced Modifications of the Antigenicity and Hemin-Binding Capacity of Porphyromonas gingivalis Lipopolysaccharide","immunology","Christopher W. Cutler immunology"
"Brenda A. Wilson","Localization of the Intracellular Activity Domain of Pasteurella multocida Toxin to the N Terminus","biology","Brenda A. Wilson biology"
"S. Jeyaseelan","Lymphocyte Function-Associated Antigen 1 Is a Receptor for Pasteurella haemolytica Leukotoxin in Bovine Leukocytes","biology","S. Jeyaseelan biology"
"S. Jeyaseelan","Mannheimia haemolytica Leukotoxin Activates a Nonreceptor Tyrosine Kinase Signaling Cascade in Bovine Leukocytes, Which Induces Biological Effects","biology","S. Jeyaseelan biology"
"Nobuo Okahashi","Infection by Streptococcus pyogenes Induces the Receptor Activator of NF-__B Ligand Expression in Mouse Osteoblastic Cells","biology","Nobuo Okahashi biology"
"Stephanie Dahan","Saccharomyces boulardii Interferes with Enterohemorrhagic Escherichia coli-Induced Signaling Pathways in T84 Cells","biology","Stephanie Dahan biology"
"Laura W. Schrum","Functional CD40 Expression Induced following Bacterial Infection of Mouse and Human Osteoblast","biology","Laura W. Schrum biology"
"Sen Rong Yan","Role of MyD88 in Diminished Tumor Necrosis Factor Alpha Production by Newborn Mononuclear Cells in Response to Lipopolysaccharide","biology","Sen Rong Yan biology"
"Peter L. W. Yun","Functional Implication of the Hydrolysis of Platelet Endothelial Cell Adhesion Molecule 1 (CD31) by Gingipains of Porphyromonas gingivalis for the Pathology of Periodontal Disease","biology","Peter L. W. Yun biology"
"Samithamby Jeyaseelan","Distinct Roles of Pattern Recognition Receptors CD14 and Toll-Like Receptor 4 in Acute Lung Injury","immunology","Samithamby Jeyaseelan immunology"
"Ellen J. Beswick","The Helicobacter pylori Urease B Subunit Binds to CD74 on Gastric Epithelial Cells and Induces NF-__B Activation and Interleukin-8 Production","immunology","Ellen J. Beswick immunology"
"Catherine J. Hunter","Lactobacillus bulgaricus Prevents Intestinal Epithelial Cell Injury Caused by Enterobacter sakazakii-Induced Nitric Oxide both In Vitro and in the Newborn Rat Model of Necrotizing Enterocolitis__","medicine","Catherine J. Hunter medicine"
"Suleyman Felek","The Yersinia pestis Ail Protein Mediates Binding and Yop Delivery to Host Cells Required for Plague Virulence__","biology","Suleyman Felek biology"
"Paola Massari","Meningococcal Porin PorB Prevents Cellular Apoptosis in a Toll-Like Receptor 2- and NF-__B-Independent Manner__","biology","Paola Massari biology"
"Min-Hee Cho","Bacillus anthracis Capsule Activates Caspase-1 and Induces Interleukin-1__ Release from differentiated THP-1 and Human Monocyte-Derived Dendritic Cells__","microbiology","Min-Hee Cho microbiology"
"Yuan Du","Nasal Immunization with a Fusion Protein Consisting of the Hemagglutinin A Antigenic Region and the Maltose-Binding Protein Elicits CD11c__ CD8__ Dendritic Cells for Induced Long-Term Protective Immunity__","biology","Yuan Du biology"
"Eva Hervet","Protein Kinase LegK2 Is a Type IV Secretion System Effector Involved in Endoplasmic Reticulum Recruitment and Intracellular Replication of Legionella pneumophila__","biology","Eva Hervet biology"
"Asim A. Siddiqui","Fine Specificity of Plasmodium vivax Duffy Binding Protein Binding Engagement of the Duffy Antigen on Human Erythrocytes","virology","Asim A. Siddiqui virology"
"Balamayooran Theivanthiran","NOD2 Signaling Contributes to Host Defense in the Lungs against Escherichia coli Infection","biology","Balamayooran Theivanthiran biology"
"Javier Santander","Fur-Regulated Iron Uptake System of Edwardsiella ictaluri and Its Influence on Pathogenesis and Immunogenicity in the Catfish Host","biology","Javier Santander biology"
"Kaitlyn Morse","Association and Evidence for Linked Recognition of Type IV Secretion System Proteins VirB9-1, VirB9-2 and VirB10 in Anaplasma marginale","virology","Kaitlyn Morse virology"
"Wael Abdel Halim Hegazy","Evaluation of Salmonella enterica Type III Secretion System Effector Proteins as Carriers for Heterologous Vaccine Antigens","biology","Wael Abdel Halim Hegazy biology"
"Yun Sun","Edwardsiella tarda Eta1, an In Vivo-Induced Antigen That Is Involved in Host Infection","character(0)","Yun Sun character(0)"
"Carlos J. Blondel","The Type VI Secretion System Encoded in Salmonella Pathogenicity Island 19 Is Required for Salmonella enterica Serotype Gallinarum Survival within Infected Macrophages","biology","Carlos J. Blondel biology"
"Kelei Zhao","Pseudomonas aeruginosa Outer Membrane Vesicles Modulate Host Immune Responses by Targeting the Toll-Like Receptor 4 Signaling Pathway","biology","Kelei Zhao biology"
"Whitney M. Amyot","Poison Domains Block Transit of Translocated Substrates via the Legionella pneumophila Icm/Dot System","biology","Whitney M. Amyot biology"
"Xianqiong Zou","Augmentation of Epithelial Resistance to Invading Bacteria by Using mRNA Transfections","biology","Xianqiong Zou biology"
"Xiucai Xu","Reactive Oxygen Species-Triggered Trophoblast Apoptosis Is Initiated by Endoplasmic Reticulum Stress via Activation of Caspase-12, CHOP and the JNK Pathway in Toxoplasma gondii Infection in Mice","biology","Xiucai Xu biology"
"Jiale Ma","Two Functional Type VI Secretion Systems in Avian Pathogenic Escherichia coli Are Involved in Different Pathogenic Pathways","biology","Jiale Ma biology"
"N. Zhi","Cloning and Expression of the 44-Kilodalton Major Outer Membrane Protein Gene of the Human Granulocytic Ehrlichiosis Agent and Application of the Recombinant Protein to Serodiagnosis","biology","N. Zhi biology"
"Michael Waters","Genotyping and Phenotyping of Beta2-Toxigenic Clostridium perfringens Fecal Isolates Associated with Gastrointestinal Diseases in Piglets","biology","Michael Waters biology"
"Sou-Ichi Makino","Distribution of the Secondary Type III Secretion System Locus Found in Enterohemorrhagic Escherichia coli O157:H7 Isolates among Shiga Toxin-Producing E. coli Strains","biology","Sou-Ichi Makino biology"
"Chung-ming Chu","Association of Presence of Aspergillus Antibodies with Hemoptysis in Patients with Old Tuberculosis or Bronchiectasis but No Radiologically Visible Mycetoma","medicine","Chung-ming Chu medicine"
"Patrick C. Y. Woo","False-Positive Results in a Recombinant Severe Acute Respiratory Syndrome-Associated Coronavirus (SARS-CoV) Nucleocapsid Enzyme-Linked Immunosorbent Assay Due to HCoV-OC43 and HCoV-229E Rectified by Western Blotting with Recombinant SARS-CoV Spike Polypeptide","biology","Patrick C. Y. Woo biology"
"Wulamu Mamuti","Molecular Cloning, Expression and Serological Evaluation of an 8-Kilodalton Subunit of Antigen B from Echinococcus multilocularis","biology","Wulamu Mamuti biology"
"Jean-Philippe Lavigne","First Infection with VanD-Type Glycopeptide-Resistant Enterococcus faecium in Europe","microbiology","Jean-Philippe Lavigne microbiology"
"Michael Waters","Regulated Expression of the Beta2-Toxin Gene ( cpb2) in Clostridium perfringens Type A Isolates from Horses with Gastrointestinal Diseases","biology","Michael Waters biology"
"Ana Mena","Characterization of a Large Outbreak by CTX-M-1-Producing Klebsiella pneumoniae and Mechanisms Leading to In Vivo Carbapenem Resistance Development","biology","Ana Mena biology"
"Henry E. Cerny","Effects of Moraxella (Branhamella) ovis Culture Filtrates on Bovine Erythrocytes, Peripheral Mononuclear Cells and Corneal Epithelial Cells","virology","Henry E. Cerny virology"
"Suharni Mohamad","Development and Evaluation of a Sensitive and Specific Assay for Diagnosis of Human Toxocariasis by Use of Three Recombinant Antigens (TES-26, TES-30USM and TES-120)","virology","Suharni Mohamad virology"
"Adis Tasanarong","Dual Inhibiting Senescence and Epithelial-to-Mesenchymal Transition by Erythropoietin Preserve Tubular Epithelial Cell Regeneration and Ameliorate Renal Fibrosis in Unilateral Ureteral Obstruction","medicine","Adis Tasanarong medicine"
"Anahita Rahmani","Neurogenesis and Increase in Differentiated Neural Cell Survival via Phosphorylation of Akt1 after Fluoxetine Treatment of Stem Cells","cancer research","Anahita Rahmani cancer research"
"Gurbet Celik","A Comparative Study for the Evaluation of Two Doses of Ellagic Acid on Hepatic Drug Metabolizing and Antioxidant Enzymes in the Rat","biochemistry","Gurbet Celik biochemistry"
"Young-Man Lee","Involvement of Nrf2-Mediated Upregulation of Heme Oxygenase-1 in Mollugin-Induced Growth Inhibition and Apoptosis in Human Oral Cancer Cells","biology","Young-Man Lee biology"
"Chih-Zen Chang","Magnesium Lithospermate B, an Active Extract of Salvia miltiorrhiza, Mediates sGC/cGMP/PKG Translocation in Experimental Vasospasm","medicine","Chih-Zen Chang medicine"
"Jaeson Santos Calla-Choque","__-Actinin TvACTN3 of Trichomonas vaginalis Is an RNA-Binding Protein That Could Participate in Its Posttranscriptional Iron Regulatory Mechanism","molecular biology","Jaeson Santos Calla-Choque molecular biology"
"Li Han","Downregulation of MDR1 Gene by Cepharanthine Hydrochloride Is Related to the Activation of c-Jun/JNK in K562/ADR Cells","medicine","Li Han medicine"
"Silvana Lorena Della Penna","Renal Overexpression of Atrial Natriuretic Peptide and Hypoxia Inducible Factor-1__ as Adaptive Response to a High Salt Diet","internal medicine","Silvana Lorena Della Penna internal medicine"
"Mao-Lin Ho","Antimetastatic Potentials of Dioscorea nipponica on Melanoma In Vitro and In Vivo","biochemistry","Mao-Lin Ho biochemistry"
"Chao-Bin Yeh","Terminalia catappa Exerts Antimetastatic Effects on Hepatocellular Carcinoma through Transcriptional Inhibition of Matrix Metalloproteinase-9 by Modulating NF-_B and AP-1 Activity","medicine","Chao-Bin Yeh medicine"
"Ying-Yi Chen","Ethanol Extracts of Fruiting Bodies of Antrodia cinnamomea Suppress CL1-5 Human Lung Adenocarcinoma Cells Migration by Inhibiting Matrix Metalloproteinase-2/9 through ERK, JNK, p38 and PI3K/Akt Signaling Pathways","biochemistry","Ying-Yi Chen biochemistry"
"Chih-Yu Peng","Caffeic Acid Phenethyl Ester Inhibits Oral Cancer Cell Metastasis by Regulating Matrix Metalloproteinase-2 and the Mitogen-Activated Protein Kinase Pathway","biochemistry","Chih-Yu Peng biochemistry"
"Chiung-Chyi Shen","Low-Level Laser Stimulation on Adipose-Tissue-Derived Stem Cell Treatments for Focal Cerebral Ischemia in Rats","medicine","Chiung-Chyi Shen medicine"
"Li Li","Decursin Isolated from Angelica gigas Nakai Rescues PC12 Cells from Amyloid __-Protein-Induced Neurotoxicity through Nrf2-Mediated Upregulation of Heme Oxygenase-1: Potential Roles of MAPK","biology","Li Li biology"
"Nabilatul Hani Mohd-Radzman","Stevioside from Stevia rebaudiana Bertoni Increases Insulin Sensitivity in 3T3-L1 Adipocytes","medicine","Nabilatul Hani Mohd-Radzman medicine"
"Zhiqiang Wang","Yangjing Capsule Extract Promotes Proliferation of GC-1 Spg Cells","biochemistry","Zhiqiang Wang biochemistry"
"Ya-min Zhang","Electroacupuncture Treatment Improves Neurological Function Associated with Regulation of Tight Junction Proteins in Rats with Cerebral Ischemia Reperfusion Injury","medicine","Ya-min Zhang medicine"
"Lilian Amrein","The phosphatidylinositol-3 kinase I inhibitor BKM120 induces cell death in B-chronic lymphocytic leukemia cells in vitro","internal medicine","Lilian Amrein internal medicine"
"Gong Yang","RAS promotes tumorigenesis through genomic instability induced by imbalanced expression of Aurora-A and BRCA2 in midbody during cytokinesis","biology","Gong Yang biology"
"Sujit K. Bhutia","Targeting breast cancer-initiating/stem cells with melanoma differentiation-associated gene-7/interleukin-24","biology","Sujit K. Bhutia biology"
"Upal K. Basu Roy","Caveolin-1 is a novel regulator of K-RAS-dependent migration in colon carcinogenesis","biology","Upal K. Basu Roy biology"
"Teresa Lorenzi","HtrA1 in human urothelial bladder cancer: A secreted protein and a potential novel biomarker","biology","Teresa Lorenzi biology"
"Jing Huang","Tiam1 is associated with hepatocellular carcinoma metastasis","biology","Jing Huang biology"
"Emanuela Rosati","c-Secretase inhibitor I induces apoptosis in chronic lymphocytic leukemia cells by proteasome inhibition, endoplasmic reticulum stress increase and Notch down-regulation","immunology","Emanuela Rosati immunology"
"Gayathri Chadalapaka","Inhibition of rhabdomyosarcoma cell and tumor growth by targeting specificity protein (Sp) transcription factors","biology","Gayathri Chadalapaka biology"
"Baoyi Zhu","Cross-talk of alpha tocopherol-associated protein and JNK controls the oxidative stress-induced apoptosis in prostate cancer cells","cancer research","Baoyi Zhu cancer research"
"Jing Hu","Ovarian cancer cells, not normal cells, are damaged by Mirk/Dyrk1B kinase inhibition","cancer research","Jing Hu cancer research"
"R. van Gelderen","Physical characterisation of Tenacibaculum maritimum for vaccine development","biology","R. van Gelderen biology"
"Robert P. Ryan","HD-GYP domain proteins regulate biofilm formation and virulence in Pseudomonas aeruginosa","biology","Robert P. Ryan biology"
"Laurent Guillon","High cellular organization of pyoverdine biosynthesis in Pseudomonas aeruginosa: clustering of PvdA at the old cell poleemi_274","biology","Laurent Guillon biology"
"Lei-Chin Chen","Interplay of RsbM and RsbK controls the sB activity of Bacillus cereuse","biology","Lei-Chin Chen biology"
"Isao Hara","Introduction of 65 kDa Antigen of Mycobacterium tuberculosis to Cancer Cells Enhances Anti-Tumor Effect of BCG Therapy","medicine","Isao Hara medicine"
"Noritoshi Kitamoto","Preparation of Monoclonal Antibodies Cross-Reactive with Orthopoxviruses and Their Application for Direct Immunofluorescence Test","biology","Noritoshi Kitamoto biology"
"Kotla Siva Reddy","Expression of bovine (Bos indicus) interleukin-18 in Escherichia coli and its biological activity","molecular biology","Kotla Siva Reddy molecular biology"
"H. Liu","Investigation of the roles of T6SS genes in motility, biofilm formation and extracellular protease Asp production in Vibrio alginolyticus with modified Gateway-compatible plasmids","biochemistry","H. Liu biochemistry"
"Sandrine Koechler","Multiple controls affect arsenite oxidase gene expression in Herminiimonas arsenicoxydans","biology","Sandrine Koechler biology"
"Scarlett R Holdsworth","Multidrug resistance protein MdtM adds to the repertoire of antiporters involved in alkaline pH homeostasis in Escherichia coli","biology","Scarlett R Holdsworth biology"
"Daniel C Kraushaar","Genome-wide incorporation dynamics reveal distinct categories of turnover for the histone variant H3.3","biology","Daniel C Kraushaar biology"
"Arumugam Nagalingam","Honokiol activates AMP-activated protein kinase in breast cancer cells via an LKB1-dependent pathway and inhibits breast carcinogenesis","cancer research","Arumugam Nagalingam cancer research"
"Ingunn Holen","Loss of plakoglobin promotes decreased cell-cell contact, increased invasion and breast cancer cell dissemination in vivo","medicine","Ingunn Holen medicine"
"Meiou Dai","A novel function for p21Cip1 and acetyltransferase p/CAF as critical transcriptional regulators of TGFb-mediated breast cancer cell migration and invasion","cancer research","Meiou Dai cancer research"
"Yi Fang Lee","JMJD6 is a driver of cellular proliferation and motility and a marker of poor prognosis in breast cancer","cancer research","Yi Fang Lee cancer research"
"Meiou Dai","Cyclin D1 cooperates with p21 to regulate TGFb-mediated breast cancer cell migration and tumor local invasion","cancer research","Meiou Dai cancer research"
"Zhaojia Wu","Ubiquitin-conjugating enzyme complex Uev1A-Ubc13 promotes breast cancer metastasis through nuclear factor-_B mediated matrix metalloproteinase-1 gene regulation","biology","Zhaojia Wu biology"
"Alexandr V. Bazhin","Low titre autoantibodies against recoverin in sera of patients with small cell lung cancer but without a loss of vision","biology","Alexandr V. Bazhin biology"
"Marina S. Savchenko","Antirecoverin autoantibodies in the patient with non-small cell lung cancer but without cancer-associated retinopathy","medicine","Marina S. Savchenko medicine"
"Stephana Carelli","Up-regulation of focal adhesion kinase in non-small cell lung cancer","biology","Stephana Carelli biology"
"Katherine M. Finan","In vitro susceptibility to the pro-apoptotic effects of TIMP-3 gene delivery translates to greater in vivo efficacy versus gene delivery for TIMPs-1 or -2","medicine","Katherine M. Finan medicine"
"Kang Fang","Ellipticine-induced apoptosis depends on Akt translocation and signaling in lung epithelial cancer cells","biology","Kang Fang biology"
"Shun-Dong Dai","Kaiso is expressed in lung cancer: Its expression and localization is affected by p120ctn","biology","Shun-Dong Dai biology"
"Kazutoshi Komiya","Expression of Mina53, a novel c-Myc target gene, is a favorable prognostic marker in early stage lung cancer","medicine","Kazutoshi Komiya medicine"
"Hakan Akca","Invasiveness and anchorage independent growth ability augmented by PTEN inactivation through the PI3K/AKT/NFkB pathway in lung cancer cells","biology","Hakan Akca biology"
"Norimitsu Tanaka","Frequent methylation and oncogenic role of microRNA-34b/c in small-cell lung cancer","medicine","Norimitsu Tanaka medicine"
"Dusanka S. Skundric","Increased levels of bioactive IL-16 correlate with disease activity during relapsing experimental autoimmune encephalomyelitis (EAE)","immunology","Dusanka S. Skundric immunology"
"Pascale Gerbaud","Differential regulation of Cu, Zn- and Mn-superoxide dismutases by retinoic acid in normal and psoriatic human fibroblasts","biology","Pascale Gerbaud biology"
"M. Sisto","Autoantibodies from Sjögren's syndrome induce activation of both the intrinsic and extrinsic apoptotic pathways in human salivary gland cell line A-253","biology","M. Sisto biology"
"Itshak Golan","Expression of extra trinucleotide in CD44 variant of rheumatoid arthritis patients allows generation of disease-specific monoclonal antibody","biology","Itshak Golan biology"
"Xiaoyan Xiao","Cellular and humoral immune responses in the early stages of diabetic nephropathy in NOD mice","biology","Xiaoyan Xiao biology"
"Dana Ben-Ami Shor","Anti-ribosomal-P antibodies accelerate lupus glomerulonephritis and induce lupus nephritis in nai_ve mice","medicine","Dana Ben-Ami Shor medicine"
"Sawsan I. Kreydiyyeh","Interleukin-1 b inhibits NaC-KCATPase activity and protein expression in cardiac myocytes","biochemistry","Sawsan I. Kreydiyyeh biochemistry"
"Ji-Yong Zhou","cDNA cloning and functional analysis of goose interleukin-2 ","biology","Ji-Yong Zhou biology"
"Sarine Markossian","TNF-a down-regulates the NaCeKC ATPase and the Na+-K+-2Cl- cotransporter in the rat colon via PGE2","biochemistry","Sarine Markossian biochemistry"
"Hwa-Jeong Lee","Roles of p38 and ERK MAP kinases in IL-8 expression in TNF-a- and dexamethasone-stimulated human periodontal ligament cells","biology","Hwa-Jeong Lee biology"
"Maria de Lujan Alvarez","Time-dependent onset of Interferon-a2b-induced apoptosis in isolated hepatocytes from preneoplastic rat livers","internal medicine","Maria de Lujan Alvarez internal medicine"
"Marilena Galdiero","STAT1 and STAT3 phosphorylation by porins are independent of JAKs but are dependent on MAPK pathway and plays a role in U937 cells production of interleukin-6","biology","Marilena Galdiero biology"
"Sawsan Ibrahim Kreydiyyeh","Tumor necrosis factor alpha down-regulates the Na+-K+ ATPase and the Na+-K+2Cl- cotransporter in the kidney cortex and medulla","biochemistry","Sawsan Ibrahim Kreydiyyeh biochemistry"
"Deok-Ho Song","Upregulation of tumor necrosis factor-alpha expression by trans10-cis12 conjugated linoleic acid enhances phagocytosis of RAW macrophages via a peroxisome proliferator-activated receptor gamma-dependent pathway","immunology","Deok-Ho Song immunology"
"Chung-Hsi Hsing","The distribution of interleukin-19 in healthy and neoplastic tissue","medicine","Chung-Hsi Hsing medicine"
"M. Hyzd’alová","The interaction of butyrate with TNF-alpha during differentiation and apoptosis of colon epithelial cells: role of NF-kappaB activation","biology","M. Hyzd’alová biology"
"Taku Inokuchi","Effects of ethanol on monosodium urate crystal-induced inflammation","internal medicine","Taku Inokuchi internal medicine"
"Zhao Huang","Differential chemokine expression in tubular cells in response to urinary proteins from patients with nephrotic syndrome","character(0)","Zhao Huang character(0)"
"Aramati B.M. Reddy","Anti-inflammatory effect of aldose reductase inhibition in murine polymicrobial sepsis","biology","Aramati B.M. Reddy biology"
"Kumiko Goto","IL-13 induces translocation of NF-kappaB in cultured human bronchial smooth muscle cells","biology","Kumiko Goto biology"
"Surinder Safaya","Effect of sodium butyrate on lung vascular TNFSF15 (TL1A) expression: Differential expression patterns in pulmonary artery and microvascular endothelial cells","biology","Surinder Safaya biology"
"Yanping Yang","STAT3 induces muscle stem cell differentiation by interaction with myoD","biology","Yanping Yang biology"
"Ari Kassardjian","Signaling pathway underlying the up-regulatory effect of TNF-a on the Na+/K+ ATPase in HepG2 cells","biology","Ari Kassardjian biology"
"Hong Yu","MKP-1 regulates cytokine mRNA stability through selectively modulation subcellular translocation of AUF1","biology","Hong Yu biology"
"Markus Neumeier","Adiponectin stimulates release of CCL2, -3, -4 and -5 while the surface abundance of CCR2 and -5 is simultaneously reduced in primary human monocytes","internal medicine","Markus Neumeier internal medicine"
"Ping Chen","Upregulation of PIAS1 protects against sodium taurocholate-induced severe acute pancreatitis associated with acute lung injury","biochemistry","Ping Chen biochemistry"
"Ye Zeng","CXCR1 and CXCR2 are novel mechano-sensors mediating laminar shear stress-induced endothelial cell migration","biology","Ye Zeng biology"
"Yue Wang","Autocrine production of interleukin-8 confers cisplatin and paclitaxel resistance in ovarian cancer cells","biology","Yue Wang biology"
"Hong-Xia Wang","Upregulation of cytochrome P450 2J3/11,12-epoxyeicosatrienoic acid inhibits apoptosis in neonatal rat cardiomyocytes by a caspase-dependent pathway","internal medicine","Hong-Xia Wang internal medicine"
"Muyao Li","Differential activation of the inflammasome in THP-1 cells exposed to chrysotile asbestos and Libby ‘‘six-mix’’ amphiboles and subsequent activation of BEAS-2B cells","biology","Muyao Li biology"
"Yong-Duk Park","Porphyromonas gingivalis lipopolysaccharide regulates interleukin (IL)-17 and IL-23 expression via SIRT1 modulation in human periodontal ligament cells","medicine","Yong-Duk Park medicine"
"Christina Galloway","Increases in inflammatory mediators in DRG implicate in the pathogenesis of painful neuropathy in Type 2 diabetes","internal medicine","Christina Galloway internal medicine"
"Kyoung Sik Park (only one author)","Aucubin, a naturally occurring iridoid glycoside inhibits TNF-_-induced inflammatory responses through suppression of NF-_B activation in 3T3-L1 adipocytes","biology","Kyoung Sik Park (only one author) biology"
"Bin-Bin Ni","The effect of transforming growth factor _1 on the crosstalk between autophagy and apoptosis in the annulus fibrosus cells under serum deprivation","character(0)","Bin-Bin Ni character(0)"
"Hui Li","A Neoplastic Gene Fusion Mimics Trans-Splicing of RNAs in Normal Human Cells","internal medicine","Hui Li internal medicine"
"Nitai C. Hait","Regulation of Histone Acetylation in the Nucleus by Sphingosine-1-Phosphate","biology","Nitai C. Hait biology"
"Hulya Karatas","Spreading Depression Triggers Headache by Activating Neuronal Panx1 Channels","medicine","Hulya Karatas medicine"
"Hideki Sakahira","Cleavage of CAD inhibitor in CAD activation and DNA degradation during apoptosis","molecular biology","Hideki Sakahira molecular biology"
"Timothy A. Chan","14-3-3__ is required to prevent mitotic catastrophe after DNA damage","biology","Timothy A. Chan biology"
"Morgan E. Carlson","Imbalance between pSmad3 and Notch induces CDK inhibitors in old muscle stem cells","cell biology","Morgan E. Carlson cell biology"
"Shidong Jia","Essential roles of PI(3)K–p110b in cell growth, metabolism and tumorigenesis","biology","Shidong Jia biology"
"Michael J. Wheeler","Identification of the pollen self-incompatibility determinant in Papaver rhoeas","biology","Michael J. Wheeler biology"
"Corine Bertolotto","A SUMOylation-defective MITF germline mutation predisposes to melanoma and renal carcinoma","biology","Corine Bertolotto biology"
"Feng Zhou","D14–SCFD3-dependent degradation of D53 regulates strigolactone signalling","biology","Feng Zhou biology"
"S Kale","Osteopontin signaling upregulates cyclooxygenase-2 expression in tumor-associated macrophages leading to enhanced angiogenesis and melanoma growth via a9b1 integrin","biology","S Kale biology"
"CM Das","The deubiquitylase USP37 links REST to the control of p27 stability and cell proliferation","biology","CM Das biology"
"CC Jiang","Repression of microRNA-768-3p by MEK/ERK signalling contributes to enhanced mRNA translation in human melanoma","molecular biology","CC Jiang molecular biology"
"Z Zhang","STIM1, a direct target of microRNA-185, promotes tumor metastasis and is associated with poor prognosis in colorectal cancer","internal medicine","Z Zhang internal medicine"
"T-I Hsu","MMP7-mediated cleavage of nucleolin at Asp255 induces MMP9 expression to promote tumor malignancy","cancer research","T-I Hsu cancer research"
"Emmanuel Dornier","TspanC8 tetraspanins regulate ADAM10/Kuzbanian trafficking and promote Notch activation in flies and mammals","biology","Emmanuel Dornier biology"
"HIROFUMI YAMAMOTO","Distinct expression of C4.4A in colorectal cancer detected by different antibodies","medicine","HIROFUMI YAMAMOTO medicine"
"BO LI","Adenovirus-mediated overexpression of BMP-9 inhibits human osteosarcoma cell growth and migration through downregulation of the PI3K/AKT pathway","character(0)","BO LI character(0)"
"EUN YOUNG GIL","Promoter methylation of RASSF1A modulates the effect of the microtubule-targeting agent docetaxel in breast cancer","cancer research","EUN YOUNG GIL cancer research"
"YUKI FUJISE","Preventive effect of caffeine and curcumin on hepato_ carcinogenesis in diethylnitrosamine_induced rats","medicine","YUKI FUJISE medicine"
"CHIACHEN CHEN","Leptin stimulates ovarian cancer cell growth and inhibits apoptosis by increasing cyclin D1 and Mcl-1 expression via the activation of the MEK/ERK1/2 and PI3K/Akt signaling pathways","cancer research","CHIACHEN CHEN cancer research"
"WEI YANG","Genetic and epigenetic alterations are involved in the regulation of TPM1 in cholangiocarcinoma","cancer research","WEI YANG cancer research"
"MICHIYO YAMAMURA","Functional analysis of Zyxin in cell migration and invasive potential of oral squamous cell carcinoma cells","cancer research","MICHIYO YAMAMURA cancer research"
"TONI IBRAHIM","Cisplatin in combination with zoledronic acid: A synergistic effect in triple-negative breast cancer cell lines","medicine","TONI IBRAHIM medicine"
"LI MA","Estrogen receptor _ inhibits estradiol-induced proliferation and migration of MCF-7 cells through regulation of mitofusin 2","molecular biology","LI MA molecular biology"
"Steffen Zender","A Critical Role for Notch Signaling in the Formation of Cholangiocellular Carcinomas","biology","Steffen Zender biology"
"Luke Martin McCaffrey","Loss of the Par3 Polarity Protein Promotes Breast Tumorigenesis and Metastasis","biology","Luke Martin McCaffrey biology"
"Lu Wang","CARM1 Methylates Chromatin Remodeling Factor BAF155 to Enhance Tumor Progression and Metastasis","biology","Lu Wang biology"
"Corentin Herbert","Molecular Mechanism of SSR128129E, an Extracellularly Acting, Small-Molecule, Allosteric Inhibitor of FGF Receptor Signaling","biology","Corentin Herbert biology"
"Janice D. Thomas","Rab1A Is an mTORC1 Activator and a Colorectal Oncogene","biology","Janice D. Thomas biology"
"King Ching Ho","Itch E3 ubiquitin ligase regulates large tumor suppressor 1 stability","immunology","King Ching Ho immunology"
"Nathalie Delgehyr","Drosophila Mgr, a Prefoldin subunit cooperating with von Hippel Lindau to regulate tubulin stability","biology","Nathalie Delgehyr biology"
"Rajesh K. Grover","The costimulatory immunogen LPS induces the B-Cell clones that infiltrate transplanted human kidneys","biology","Rajesh K. Grover biology"
"Kevin Y. Lee","Shox2 is a molecular determinant of depot-specific adipocyte function","biology","Kevin Y. Lee biology"
"Shuyu Ren","LRP-6 is a coreceptor for multiple fibrogenic signaling pathways in pericytes and myofibroblasts that are inhibited by DKK-1","biology","Shuyu Ren biology"
"Zhongyuan Wang","Interplay of mevalonate and Hippo pathways regulates RHAMM transcription via YAP to modulate breast cancer cell motility","cell biology","Zhongyuan Wang cell biology"
